-- ============================================
-- FIREBIRD PROTOCOL - GAME CONTENT
-- Версия: Firebird 5.0 Embedded
-- ============================================

-- Таблица: game_days
CREATE TABLE game_days (
    id INTEGER GENERATED BY DEFAULT AS IDENTITY PRIMARY KEY,
    role VARCHAR(20) NOT NULL,
    day_number INTEGER NOT NULL,
    title VARCHAR(100),
    description VARCHAR(500),
    is_playable SMALLINT DEFAULT 1,
    alternative_activity VARCHAR(50),
    CONSTRAINT uk_game_days UNIQUE (role, day_number)
);

-- Таблица: emails
CREATE TABLE emails (
    id INTEGER GENERATED BY DEFAULT AS IDENTITY PRIMARY KEY,
    day_id INTEGER,
    sender VARCHAR(100) NOT NULL,
    sender_email VARCHAR(100),
    subject VARCHAR(200) NOT NULL,
    body VARCHAR(5000) NOT NULL,
    email_type VARCHAR(20),
    is_required SMALLINT DEFAULT 1,
    sort_order INTEGER DEFAULT 0,
    unlock_condition VARCHAR(100),
    is_read SMALLINT DEFAULT 0
);

-- Таблица: quests
CREATE TABLE quests (
    id INTEGER GENERATED BY DEFAULT AS IDENTITY PRIMARY KEY,
    email_id INTEGER,
    title VARCHAR(100) NOT NULL,
    description VARCHAR(500),
    sql_template VARCHAR(1000) NOT NULL,
    expected_rows INTEGER,
    expected_columns VARCHAR(100),
    difficulty VARCHAR(20),
    time_limit_minutes INTEGER DEFAULT 0,
    sql_skills_required VARCHAR(200),
    story_flags_set VARCHAR(500),
    story_flags_required VARCHAR(500),
    moral_choice SMALLINT DEFAULT 0,
    consequences VARCHAR(500)
);

-- Таблица: sql_commands
CREATE TABLE sql_commands (
    id INTEGER GENERATED BY DEFAULT AS IDENTITY PRIMARY KEY,
    command_name VARCHAR(50) NOT NULL,
    category VARCHAR(50),
    firebird_specific SMALLINT DEFAULT 0,
    introduced_day INTEGER,
    times_used INTEGER DEFAULT 0,
    last_used_day INTEGER DEFAULT 0
);

-- Таблица: player_progress
CREATE TABLE player_progress (
    id INTEGER GENERATED BY DEFAULT AS IDENTITY PRIMARY KEY,
    save_slot INTEGER DEFAULT 1,
    user_role VARCHAR(20),
    current_day INTEGER DEFAULT 1,
    violations INTEGER DEFAULT 0,
    trust_level INTEGER DEFAULT 50,
    flags_unlocked VARCHAR(2000),
    quests_completed VARCHAR(2000),
    endings_unlocked VARCHAR(2000),
    total_playtime_minutes INTEGER DEFAULT 0,
    last_saved TIMESTAMP DEFAULT CURRENT_TIMESTAMP
);

-- Таблица: player_choices
CREATE TABLE player_choices (
    id INTEGER GENERATED BY DEFAULT AS IDENTITY PRIMARY KEY,
    quest_id INTEGER,
    choice_type VARCHAR(50),
    choice_value VARCHAR(500),
    day_id INTEGER,
    consequences_applied SMALLINT DEFAULT 0,
    choice_timestamp TIMESTAMP DEFAULT CURRENT_TIMESTAMP
);

-- Таблица: news_articles
CREATE TABLE news_articles (
    id INTEGER GENERATED BY DEFAULT AS IDENTITY PRIMARY KEY,
    day_id INTEGER NOT NULL,
    category VARCHAR(20) NOT NULL,
    title VARCHAR(200) NOT NULL,
    content VARCHAR(5000) NOT NULL,
    author VARCHAR(100),
    is_permanent SMALLINT DEFAULT 0,
    unlock_flag VARCHAR(100),
    related_quest_id INTEGER
);

-- Таблица: employee_dossiers
CREATE TABLE employee_dossiers (
    id INTEGER GENERATED BY DEFAULT AS IDENTITY PRIMARY KEY,
    employee_name VARCHAR(100) NOT NULL,
    job_position VARCHAR(100),
    department VARCHAR(50),
    hire_date DATE,
    status VARCHAR(20),
    dossier_text VARCHAR(1000),
    unlock_condition VARCHAR(100),
    is_mysterious SMALLINT DEFAULT 0
);

-- Таблица: random_events
CREATE TABLE random_events (
    id INTEGER GENERATED BY DEFAULT AS IDENTITY PRIMARY KEY,
    event_name VARCHAR(100) NOT NULL,
    event_type VARCHAR(50),
    min_day INTEGER,
    max_day INTEGER,
    trigger_chance DOUBLE PRECISION,
    effect_description VARCHAR(500),
    can_occur_multiple SMALLINT DEFAULT 0
);

-- Таблица: endings
CREATE TABLE endings (
    id INTEGER GENERATED BY DEFAULT AS IDENTITY PRIMARY KEY,
    ending_name VARCHAR(100) NOT NULL,
    ending_type VARCHAR(50),
    role_required VARCHAR(20),
    conditions_required VARCHAR(500),
    description VARCHAR(1000),
    is_secret SMALLINT DEFAULT 0
);

-- Таблица: player_query_log
CREATE TABLE player_query_log (
    id INTEGER GENERATED BY DEFAULT AS IDENTITY PRIMARY KEY,
    query_text VARCHAR(10000),
    day_id INTEGER,
    executed_at TIMESTAMP DEFAULT CURRENT_TIMESTAMP
);

-- Таблица: employees
CREATE TABLE employees (
    id INTEGER PRIMARY KEY,
    name VARCHAR(100),
    department VARCHAR(50),
    salary INTEGER
);

-- ============================================
-- ИНДЕКСЫ
-- ============================================

CREATE INDEX idx_emails_day ON emails(day_id);
CREATE INDEX idx_quests_email ON quests(email_id);
CREATE INDEX idx_news_day ON news_articles(day_id);
CREATE INDEX idx_news_category ON news_articles(category);

-- ============================================
-- НАЧАЛЬНЫЕ ДАННЫЕ
-- ============================================

-- SQL команды
INSERT INTO sql_commands (command_name, category, firebird_specific, introduced_day, times_used) VALUES ('SELECT', 'basics', 0, 1, 0);
INSERT INTO sql_commands (command_name, category, firebird_specific, introduced_day, times_used) VALUES ('FROM', 'basics', 0, 1, 0);
INSERT INTO sql_commands (command_name, category, firebird_specific, introduced_day, times_used) VALUES ('WHERE', 'filtering', 0, 1, 0);
INSERT INTO sql_commands (command_name, category, firebird_specific, introduced_day, times_used) VALUES ('ORDER BY', 'filtering', 0, 2, 0);
INSERT INTO sql_commands (command_name, category, firebird_specific, introduced_day, times_used) VALUES ('GROUP BY', 'aggregates', 0, 3, 0);
INSERT INTO sql_commands (command_name, category, firebird_specific, introduced_day, times_used) VALUES ('COUNT', 'aggregates', 0, 3, 0);
INSERT INTO sql_commands (command_name, category, firebird_specific, introduced_day, times_used) VALUES ('AVG', 'aggregates', 0, 4, 0);
INSERT INTO sql_commands (command_name, category, firebird_specific, introduced_day, times_used) VALUES ('SUM', 'aggregates', 0, 4, 0);

-- ============================================
-- ДЕНЬ 1: Рекомендация от друга (24 июня 1990)
-- ============================================

-- Добавляем новый день 1 (24 июня 1990)
INSERT INTO game_days (id, role, day_number, day_date, title, description, is_playable) VALUES
(1, 'employee', 1, '1990-06-24', 'Воскресенье', 'Письмо от друга', 1);

-- Письмо от друга (День 1)
INSERT INTO emails (day_id, sender, sender_email, subject, body, email_type, is_required, sort_order) VALUES
(1, 'Алексей Петров', 'petrov.alexey@mail.su', 'Рекомендация в НИИ', 
'Привет, дружище!

Помнишь, я рассказывал про НИИ "Файербёрд"? Там как раз ищут толковых специалистов по базам данных.

Я тебя порекомендовал их отделу кадров. Думаю, тебе понравится - работа интересная, коллектив хороший, да и зарплата приличная.

HR должен скоро с тобой связаться. А пока можешь расслабиться - поиграй в Судоку, оно у тебя хорошо получается! :)

Удачи!
Алексей', 'info', 0, 1);

-- Письмо от HR (придёт после Судоку - День 1, но разблокируется позже)
INSERT INTO emails (day_id, sender, sender_email, subject, body, email_type, is_required, sort_order, unlock_condition) VALUES
(1, 'Отдел кадров НИИ "Файербёрд"', 'hr@nii-firebird.gov', 'Приглашение на работу', 
'Уважаемый сотрудник!

Нам поступила рекомендация от Алексея Петрова относительно вашей кандидатуры на позицию аналитика данных.

Приглашаем вас пройти ознакомительный инструктаж и приступить к работе в нашем институте.

Для начала работы вам необходимо:
1. Ознакомиться с базой данных сотрудников
2. Изучить основные SQL-команды
3. Выполнить первое пробное задание

С уважением,
Отдел кадров НИИ "Файербёрд"', 'quest', 1, 2, 'sudoku_completed');

-- ============================================
-- ДЕНЬ 2: Первый рабочий день (25 июня 1990)
-- ============================================

-- Добавляем день 2
INSERT INTO game_days (id, role, day_number, day_date, title, description, is_playable) VALUES
(2, 'employee', 2, '1990-06-25', 'Первый рабочий день', 'Добро пожаловать в НИИ "Файербёрд"', 1);

-- Письмо от HR (Добро пожаловать) - теперь это День 2
INSERT INTO emails (day_id, sender, sender_email, subject, body, email_type, is_required, sort_order) VALUES
(2, 'Отдел кадров', 'hr@nii-firebird.gov', 'Добро пожаловать', 
'Уважаемый сотрудник! Поздравляем с первым рабочим днём в НИИ "Файербёрд".' || ASCII_CHAR(10) || ASCII_CHAR(10) || 
'Ваш пропуск активирован. Рабочее место оборудовано терминалом с доступом к базе данных сотрудников.' || ASCII_CHAR(10) || ASCII_CHAR(10) || 
'Ознакомьтесь с расписанием и ожидайте дальнейших указаний.', 'info', 1, 1);

-- Добавляем новые письма для Дня 2
INSERT INTO emails (day_id, sender, sender_email, subject, body, email_type, is_required, sort_order) VALUES
(2, 'Иванов П.С. (начальник отдела)', 'ivanov@nii-firebird.gov', 'Ваше рабочее место', 
'Коллега, добро пожаловать в отдел!

Ваш терминал настроен и готов к работе. 
Пароль для входа в систему: firebird1989

Сегодня вам предстоит:
- Ознакомиться с базой данных сотрудников
- Выполнить первое задание по выборке данных

Если возникнут вопросы - обращайтесь.

П.С. Иванов', 'info', 0, 2),

(2, 'Системный администратор', 'sysadmin@nii-firebird.gov', 'Доступ к системе', 
'Ваша учётная запись активирована.

Логин: employee_001
Уровень доступа: базовый

Помните: несанкционированный доступ к закрытым таблицам карается согласно уставу института.', 'info', 0, 3);

-- Письмо с заданием (День 2)
INSERT INTO emails (day_id, sender, sender_email, subject, body, email_type, is_required, sort_order) VALUES
(2, 'Начальник отдела', 'chief@nii-firebird.gov', 'Первое задание: список сотрудников', 
'Новичок, прежде чем приступать к работе, мне нужно знать, кто здесь работает.' || ASCII_CHAR(10) || ASCII_CHAR(10) || 
'Составьте полный список сотрудников через терминал. Запрос должен вернуть все записи из таблицы employees.' || ASCII_CHAR(10) || ASCII_CHAR(10) || 
'Подсказка: используйте SELECT * FROM employees.', 'quest', 1, 4);

-- ============================================
-- ДЕНЬ 3: Странности (26 июня 1990)
-- ============================================

INSERT INTO game_days (id, role, day_number, day_date, title, description, is_playable) VALUES
(3, 'employee', 3, '1990-06-26', 'Странности', 'Коллеги ведут себя подозрительно', 1);

-- Письма для Дня 3
INSERT INTO emails (day_id, sender, sender_email, subject, body, email_type, is_required, sort_order) VALUES
(3, 'Бухгалтерия', 'accounting@nii-firebird.gov', 'Зарплатная ведомость', 
'Коллега, руководство просит подготовить сводку по зарплатам.' || ASCII_CHAR(10) || ASCII_CHAR(10) || 
'Найдите среднюю зарплату по каждому отделу. Используйте агрегатные функции.' || ASCII_CHAR(10) || ASCII_CHAR(10) || 
'Результат: отдел и средняя зарплата.', 'quest', 1, 1);

INSERT INTO emails (day_id, sender, sender_email, subject, body, email_type, is_required, sort_order) VALUES
(3, 'Коллега', 'ivanov@nii-firebird.gov', 'Привет от коллеги', 
'Добро пожаловать в наш отдел! Если будут вопросы по базе — обращайся.', 'info', 0, 2);

-- ============================================
-- ДЕНЬ 4: Статистика (27 июня 1990)
-- ============================================

INSERT INTO game_days (id, role, day_number, day_date, title, description, is_playable) VALUES
(4, 'employee', 4, '1990-06-27', 'Статистика', 'Руководство запрашивает отчёт', 1);

-- ============================================
-- ДНИ 5-20: Продолжение сюжета
-- ============================================

INSERT INTO game_days (id, role, day_number, day_date, title, description, is_playable) VALUES
(5, 'employee', 5, '1990-06-28', 'Первые странности', 'Что-то идёт не так', 1),
(6, 'employee', 6, '1990-06-29', 'Новое задание', 'Срочное поручение', 1),
(7, 'employee', 7, '1990-07-02', 'Понедельник', 'Новая неделя', 1),
(8, 'employee', 8, '1990-07-03', 'Вторник', 'Рабочий день', 1),
(9, 'employee', 9, '1990-07-04', 'Среда', 'Рабочий день', 1),
(10, 'employee', 10, '1990-07-05', 'Четверг', 'Рабочий день', 1),
(11, 'employee', 11, '1990-07-06', 'Пятница', 'Конец недели', 1),
(12, 'employee', 12, '1990-07-09', 'Понедельник', 'Новая неделя', 1),
(13, 'employee', 13, '1990-07-10', 'Вторник', 'Рабочий день', 1),
(14, 'employee', 14, '1990-07-11', 'Среда', 'Рабочий день', 1),
(15, 'employee', 15, '1990-07-12', 'Четверг', 'Рабочий день', 1),
(16, 'employee', 16, '1990-07-13', 'Пятница', 'Конец недели', 1),
(17, 'employee', 17, '1990-07-16', 'Понедельник', 'Новая неделя', 1),
(18, 'employee', 18, '1990-07-17', 'Вторник', 'Рабочий день', 1),
(19, 'employee', 19, '1990-07-18', 'Среда', 'Рабочий день', 1),
(20, 'employee', 20, '1990-07-19', 'Финал', 'Развязка', 1);

-- Задания (пример)
INSERT INTO quests (id, email_id, title, description, sql_template, expected_rows, expected_columns, difficulty, sql_skills_required) VALUES 
(1, 4, 'Ознакомление с базой', 'Выполните запрос для получения списка сотрудников', 'SELECT * FROM employees', 5, 'id,name,department,salary', 'easy', 'SELECT,FROM');
INSERT INTO quests (id, email_id, title, description, sql_template, expected_rows, expected_columns, difficulty, sql_skills_required) VALUES 
(2, 5, 'Средняя зарплата', 'Получите среднюю зарплату по каждому отделу', 'SELECT department, AVG(salary) FROM employees GROUP BY department', 3, 'department,AVG_salary', 'medium', 'SELECT,AVG,GROUP BY');

-- Сотрудники (пример)
INSERT INTO employees (id, name, department, salary) VALUES (1, 'Иванов Иван', 'IT', 75000);
INSERT INTO employees (id, name, department, salary) VALUES (2, 'Петрова Мария', 'HR', 65000);
INSERT INTO employees (id, name, department, salary) VALUES (3, 'Сидоров Алексей', 'IT', 80000);
INSERT INTO employees (id, name, department, salary) VALUES (4, 'Козлова Анна', 'Бухгалтерия', 60000);
INSERT INTO employees (id, name, department, salary) VALUES (5, 'Морозов Дмитрий', 'Аналитика', 70000);

-- Новости (каждый день новые)
INSERT INTO news_articles (id, day_id, category, title, content, author, is_permanent) VALUES
(1, 1, 'news', 'Выходной', 'Сегодня воскресенье. Отдыхайте!', 'Профком', 0);
INSERT INTO news_articles (id, day_id, category, title, content, author, is_permanent) VALUES
(2, 2, 'news', 'Первый день', 'Сегодня первый рабочий день нового сотрудника.', 'Отдел кадров', 0);
INSERT INTO news_articles (id, day_id, category, title, content, author, is_permanent) VALUES
(3, 3, 'news', 'Странные слухи', 'Ходят слухи о проверке из министерства.', 'Аноним', 0);
INSERT INTO news_articles (id, day_id, category, title, content, author, is_permanent) VALUES
(4, 4, 'news', 'Отчётность', 'Руководство требует срочную статистику.', 'Дирекция', 0);
INSERT INTO news_articles (id, day_id, category, title, content, author, is_permanent) VALUES
(5, 5, 'news', 'Загадка', 'Кто-то оставил странные записки в коридоре.', 'Охрана', 0);

-- Wiki-статьи (постоянные)
INSERT INTO news_articles (id, day_id, category, title, content, author, is_permanent) VALUES
(6, 1, 'wiki', 'Основы SQL', 'SELECT — выборка данных' || ASCII_CHAR(10) || 'FROM — источник данных' || ASCII_CHAR(10) || 'WHERE — условие фильтрации' || ASCII_CHAR(10) || 'ORDER BY — сортировка', 'Справочная', 1);
INSERT INTO news_articles (id, day_id, category, title, content, author, is_permanent) VALUES
(7, 1, 'wiki', 'Что такое Firebird?', 'Firebird — реляционная СУБД с открытым кодом. Поддерживает стандарт SQL.', 'Справочная', 1);
INSERT INTO news_articles (id, day_id, category, title, content, author, is_permanent) VALUES
(8, 1, 'wiki', 'НИИ Файербёрд', 'Научно-исследовательский институт основан в 1975 году. Занимается разработкой информационных систем.', 'Справочная', 1);
INSERT INTO news_articles (id, day_id, category, title, content, author, is_permanent) VALUES
(9, 1, 'wiki', 'История СССР', 'Союз Советских Социалистических Республик образован в 1922 году.', 'Справочная', 1);
INSERT INTO news_articles (id, day_id, category, title, content, author, is_permanent) VALUES
(15, 1, 'wiki', 'Внимание: Терминал', 'Встроенный терминал проверяет ваш отчёт, но может иногда ошибаться, так что будьте более внимательны в работе. Система автоматической проверки использует упрощённый алгоритм и не гарантирует 100% точности.', 'Справочная', 1);

-- Доска объявлений (с дня 3)
INSERT INTO news_articles (id, day_id, category, title, content, author, is_permanent) VALUES
(10, 3, 'board', 'Пропуск', 'Найден пропуск на 3 этаж. Обратитесь в отдел кадров.', 'Охрана', 0);
INSERT INTO news_articles (id, day_id, category, title, content, author, is_permanent) VALUES
(11, 4, 'board', 'Обмен', 'Обменяю билет в театр на два в кино. Звонить после 18:00.', 'Петров', 0);
INSERT INTO news_articles (id, day_id, category, title, content, author, is_permanent) VALUES
(12, 5, 'board', 'Потерялась кошка', 'Рыжая кошка с ошейником. Откликнется на кличку "База".', 'Сидорова', 0);

-- Юмор (с дня 5)
INSERT INTO news_articles (id, day_id, category, title, content, author, is_permanent) VALUES
(13, 5, 'humor', 'Про программиста', 'Программист и база данных сидят за одним столом. Кто из них главный? Тот, у кого права администратора!', 'Коллектив', 0);
INSERT INTO news_articles (id, day_id, category, title, content, author, is_permanent) VALUES
(14, 5, 'humor', 'SQL-шутка', 'SELECT * FROM users WHERE drunk = TRUE — вернёт всю компанию!', 'Аноним', 0);

-- ============================================
-- СПРАВКА: Таблица тем
-- ============================================
CREATE TABLE guide_topics (
    id INTEGER GENERATED BY DEFAULT AS IDENTITY PRIMARY KEY,
    topic_key VARCHAR(50) UNIQUE NOT NULL,
    title VARCHAR(100) NOT NULL,
    content VARCHAR(5000) NOT NULL,
    sql_example VARCHAR(1000),
    min_day INTEGER DEFAULT 1,
    max_day INTEGER DEFAULT 999,
    required_quest_id INTEGER,
    category VARCHAR(20) DEFAULT 'sql',
    sort_order INTEGER DEFAULT 0,
    is_premium BOOLEAN DEFAULT FALSE,
    unlock_flag VARCHAR(100)
);

-- Индексы
CREATE INDEX idx_guide_category ON guide_topics(category);
CREATE INDEX idx_guide_day ON guide_topics(min_day, max_day);

-- ============================================
-- СПРАВКА: Базовые темы SQL (доступны с дня 1)
-- ============================================
INSERT INTO guide_topics (topic_key, title, content, sql_example, min_day, category, sort_order) VALUES
('select_basics', 'SELECT - выборка данных',
'Команда SELECT используется для выбора данных из таблицы.

Синтаксис:
SELECT [колонки] FROM [таблица]

Примеры:
- SELECT * FROM employees — все колонки
- SELECT name, salary FROM employees — конкретные колонки',
'SELECT * FROM employees',
1, 'sql', 1);

INSERT INTO guide_topics (topic_key, title, content, sql_example, min_day, category, sort_order) VALUES
('from_clause', 'FROM - указание таблицы',
'Ключевое слово FROM указывает из какой таблицы получать данные.

Всегда идёт после SELECT.

Примеры:
SELECT * FROM employees
SELECT name FROM employees',
'SELECT name FROM employees',
1, 'sql', 2);

INSERT INTO guide_topics (topic_key, title, content, sql_example, min_day, category, sort_order) VALUES
('where_filter', 'WHERE - фильтрация данных',
'Ключевое слово WHERE фильтрует записи по условию.

Операторы сравнения:
= равно
<> не равно
> больше
< меньше
>= больше или равно
<= меньше или равно

Логические операторы:
AND — оба условия истинны
OR — хотя бы одно истинно
NOT — инверсия условия',
'SELECT * FROM employees WHERE salary > 50000',
1, 'sql', 3);

INSERT INTO guide_topics (topic_key, title, content, sql_example, min_day, category, sort_order) VALUES
('like_pattern', 'LIKE - поиск по шаблону',
'Оператор LIKE ищет совпадения по шаблону.

Символы шаблона:
% — любое количество символов
_ — один символ

Примеры:
WHERE name LIKE ''Иван%'' — имена начинающиеся на Иван
WHERE name LIKE ''%ов'' — имена оканчивающиеся на ов',
'SELECT * FROM employees WHERE name LIKE ''А%''',
2, 'sql', 4);

INSERT INTO guide_topics (topic_key, title, content, sql_example, min_day, category, sort_order) VALUES
('order_by', 'ORDER BY - сортировка',
'Сортирует результаты запроса.

ASC — по возрастанию (по умолчанию)
DESC — по убыванию

Примеры:
ORDER BY salary ASC
ORDER BY name DESC',
'SELECT * FROM employees ORDER BY salary DESC',
2, 'sql', 5);

INSERT INTO guide_topics (topic_key, title, content, sql_example, min_day, category, sort_order) VALUES
('count_agg', 'COUNT - подсчёт записей',
'Агрегатная функция для подсчёта количества строк.

Примеры:
SELECT COUNT(*) FROM employees
SELECT COUNT(*) FROM employees WHERE department = ''IT''',
'SELECT COUNT(*) FROM employees',
3, 'sql', 6);

INSERT INTO guide_topics (topic_key, title, content, sql_example, min_day, category, sort_order) VALUES
('group_by', 'GROUP BY - группировка',
'Группирует результаты по значению колонки.
Часто используется с агрегатными функциями.

Примеры:
SELECT department, COUNT(*) FROM employees GROUP BY department
SELECT department, AVG(salary) FROM employees GROUP BY department',
'SELECT department, COUNT(*) FROM employees GROUP BY department',
3, 'sql', 7);

INSERT INTO guide_topics (topic_key, title, content, sql_example, min_day, category, sort_order) VALUES
('join_basics', 'JOIN - соединение таблиц',
'Соединяет две или более таблиц по связанному полю.

Типы JOIN:
INNER JOIN — только совпадающие записи
LEFT JOIN — все из левой + совпадающие из правой
RIGHT JOIN — все из правой + совпадающие из левой

Пример:
SELECT e.name, d.department_name
FROM employees e
INNER JOIN departments d ON e.department_id = d.id',
'SELECT * FROM employees e JOIN departments d ON e.dept_id = d.id',
4, 'sql', 8);

INSERT INTO guide_topics (topic_key, title, content, sql_example, min_day, category, sort_order) VALUES
('subquery', 'Подзапросы',
'Запрос внутри другого запроса.

Примеры:
SELECT * FROM employees
WHERE salary > (SELECT AVG(salary) FROM employees)

SELECT name FROM employees
WHERE department_id IN (SELECT id FROM departments WHERE location = ''Moscow'')',
'SELECT * FROM employees WHERE salary > (SELECT AVG(salary) FROM employees)',
5, 'sql', 9);

-- ============================================
-- СПРАВКА: Таблицы базы (лор + структура)
-- ============================================
INSERT INTO guide_topics (topic_key, title, content, sql_example, min_day, category, sort_order) VALUES
('table_employees', 'Таблица: employees',
'Сотрудники НИИ "Файербёрд".

Структура:
- id — уникальный номер
- name — ФИО сотрудника
- department — отдел (IT, Accounting, Security, etc.)
- salary — зарплата в рублях

Примеры использования:
- Поиск сотрудников по отделу
- Анализ зарплат
- Подсчёт количества персонала',
'SELECT * FROM employees WHERE department = ''IT''',
1, 'tables', 1);

INSERT INTO guide_topics (topic_key, title, content, sql_example, min_day, category, sort_order) VALUES
('table_emails', 'Таблица: emails',
'Архив входящей почты.

Структура:
- id — уникальный номер письма
- day_id — игровой день
- sender — отправитель
- subject — тема
- body — содержимое
- email_type — тип (quest, info, warning)

Используется для отслеживания переписки.',
'SELECT * FROM emails WHERE day_id = 1',
1, 'tables', 2);

INSERT INTO guide_topics (topic_key, title, content, sql_example, min_day, category, sort_order) VALUES
('table_quests', 'Таблица: quests',
'Задания для сотрудников.

Структура:
- id — номер задания
- email_id — связь с письмом
- title — название
- description — описание
- sql_template — ожидаемый SQL
- expected_rows — количество строк в результате',
'SELECT * FROM quests',
1, 'tables', 3);

INSERT INTO guide_topics (topic_key, title, content, sql_example, min_day, category, sort_order) VALUES
('table_news', 'Таблица: news_articles',
'Новости внутренней сети.

Структура:
- id — номер статьи
- day_id — когда опубликовано
- category — раздел (news, wiki, board, humor)
- title — заголовок
- content — текст
- author — автор
- is_permanent — постоянная статья (wiki)',
'SELECT * FROM news_articles WHERE category = ''news''',
1, 'tables', 4);

-- ============================================
-- СПРАВКА: Игровая механика
-- ============================================
INSERT INTO guide_topics (topic_key, title, content, sql_example, min_day, category, sort_order) VALUES
('game_time', 'Игровое время',
'Игра разделена на дни (1-20).

Каждый день:
- Приходят новые письма
- Открываются новые задания
- Появляются новости в браузере
- Могут случиться случайные события

Переход к следующему дню происходит после выполнения обязательных заданий.',
'',
1, 'game', 1);

INSERT INTO guide_topics (topic_key, title, content, sql_example, min_day, category, sort_order) VALUES
('violations', 'Нарушения и последствия',
'За ошибки в работе вы получаете нарушения.

Типы нарушений:
- Невыполнение задания в срок
- Неправильный SQL-запрос (более 3 раз)
- Попытка доступа к защищённым данным

Последствия:
- 1-2 нарушения — предупреждение
- 3-4 нарушения — снижение доверия
- 5 нарушений — увольнение (Game Over)',
'',
1, 'game', 2);

INSERT INTO guide_topics (topic_key, title, content, sql_example, min_day, category, sort_order) VALUES
('trust_level', 'Уровень доверия',
'Параметр от 0 до 100.

Влияет на:
- Доступ к закрытым таблицам
- Качество заданий
- Отношение коллег

Повышается за:
- Правильное выполнение заданий
- Обнаружение аномалий

Понижается за:
- Нарушения
- Неправильные отчёты',
'',
2, 'game', 3);

COMMIT;